{"cameraMode":{"drawMode":0,"name":"Shaded","section":"Shading Mode"},"sceneLighting":false,"audioPlay":false,"sceneViewState":{"showFog":true,"showMaterialUpdate":false,"showSkybox":false,"showFlares":true,"showImageEffects":true,"showParticleSystems":true,"showVisualEffectGraphs":true,"m_FxEnabled":true},"in2DMode":false,"pivot":{"x":0.4035656452178955,"y":0.6953221559524536,"z":1.0531326532363892},"rotation":{"x":0.3590278625488281,"y":0.12654314935207368,"z":-0.04918582737445831,"w":0.9234328269958496},"size":1.2247449159622193,"orthographic":false}