{"cameraMode":{"drawMode":0,"name":"Shaded","section":"Shading Mode"},"sceneLighting":false,"audioPlay":false,"sceneViewState":{"showFog":true,"showMaterialUpdate":false,"showSkybox":false,"showFlares":true,"showImageEffects":true,"showParticleSystems":true,"showVisualEffectGraphs":true,"m_FxEnabled":true},"in2DMode":false,"pivot":{"x":299.22589111328127,"y":222.5472412109375,"z":17.68670654296875},"rotation":{"x":0.16304031014442445,"y":-0.022809358313679696,"z":0.0038432106375694277,"w":0.9863958954811096},"size":380.96136474609377,"orthographic":false}